{
    "anims": [
        {
            "key": "candle_move",
            "type": "frames",
            "repeat": -1,
            "frameRate": 8,
            "frames": [
                {
                    "key": "candle",
                    "frame": "candle_0"
                },
                {
                    "key": "candle",
                    "frame": "candle_1"
                },
                {
                    "key": "candle",
                    "frame": "candle_2"
                },
                {
                    "key": "candle",
                    "frame": "candle_3"
                }
            ]
        }
    ]
}