{
  "frames": {
    "candle_0": {
      "frame": {
        "x": 0,
        "y": 0,
        "w": 16,
        "h": 34
      },
      "rotated": false,
      "trimmed": true,
      "spriteSourceSize": {
        "x": 8,
        "y": 0,
        "w": 16,
        "h": 34
      },
      "sourceSize": {
        "w": 32,
        "h": 48
      },
      "pivot": {
        "x": 0.5,
        "y": 0.5
      }
    },
    "candle_2": {
      "frame": {
        "x": 0,
        "y": 34,
        "w": 16,
        "h": 34
      },
      "rotated": false,
      "trimmed": true,
      "spriteSourceSize": {
        "x": 8,
        "y": 0,
        "w": 16,
        "h": 34
      },
      "sourceSize": {
        "w": 32,
        "h": 48
      },
      "pivot": {
        "x": 0.5,
        "y": 0.5
      }
    },
    "candle_1": {
      "frame": {
        "x": 0,
        "y": 68,
        "w": 16,
        "h": 32
      },
      "rotated": false,
      "trimmed": true,
      "spriteSourceSize": {
        "x": 8,
        "y": 2,
        "w": 16,
        "h": 32
      },
      "sourceSize": {
        "w": 32,
        "h": 48
      },
      "pivot": {
        "x": 0.5,
        "y": 0.5
      }
    },
    "candle_3": {
      "frame": {
        "x": 0,
        "y": 100,
        "w": 16,
        "h": 32
      },
      "rotated": false,
      "trimmed": true,
      "spriteSourceSize": {
        "x": 8,
        "y": 2,
        "w": 16,
        "h": 32
      },
      "sourceSize": {
        "w": 32,
        "h": 48
      },
      "pivot": {
        "x": 0.5,
        "y": 0.5
      }
    }
  },
  "meta": {
    "app": "http://free-tex-packer.com",
    "version": "0.6.6",
    "image": "candle",
    "format": "RGBA8888",
    "size": {
      "w": 16,
      "h": 132
    },
    "scale": 1
  }
}