{
  "frames": {
    "death_2": {
      "frame": {
        "x": 0,
        "y": 0,
        "w": 48,
        "h": 46
      },
      "rotated": false,
      "trimmed": true,
      "spriteSourceSize": {
        "x": 0,
        "y": 0,
        "w": 48,
        "h": 46
      },
      "sourceSize": {
        "w": 48,
        "h": 48
      },
      "pivot": {
        "x": 0.5,
        "y": 0.5
      }
    },
    "death_3": {
      "frame": {
        "x": 48,
        "y": 0,
        "w": 48,
        "h": 46
      },
      "rotated": false,
      "trimmed": true,
      "spriteSourceSize": {
        "x": 0,
        "y": 0,
        "w": 48,
        "h": 46
      },
      "sourceSize": {
        "w": 48,
        "h": 48
      },
      "pivot": {
        "x": 0.5,
        "y": 0.5
      }
    },
    "death_1": {
      "frame": {
        "x": 96,
        "y": 0,
        "w": 40,
        "h": 40
      },
      "rotated": false,
      "trimmed": true,
      "spriteSourceSize": {
        "x": 4,
        "y": 4,
        "w": 40,
        "h": 40
      },
      "sourceSize": {
        "w": 48,
        "h": 48
      },
      "pivot": {
        "x": 0.5,
        "y": 0.5
      }
    },
    "death_0": {
      "frame": {
        "x": 136,
        "y": 0,
        "w": 38,
        "h": 38
      },
      "rotated": false,
      "trimmed": true,
      "spriteSourceSize": {
        "x": 4,
        "y": 6,
        "w": 38,
        "h": 38
      },
      "sourceSize": {
        "w": 48,
        "h": 48
      },
      "pivot": {
        "x": 0.5,
        "y": 0.5
      }
    }
  },
  "meta": {
    "app": "http://free-tex-packer.com",
    "version": "0.6.5",
    "image": "death",
    "format": "RGBA8888",
    "size": {
      "w": 174,
      "h": 46
    },
    "scale": 1
  }
}