{
  "frames": {
    "carnivorous_0": {
      "frame": {
        "x": 0,
        "y": 0,
        "w": 31,
        "h": 32
      },
      "rotated": false,
      "trimmed": false,
      "spriteSourceSize": {
        "x": 0,
        "y": 0,
        "w": 31,
        "h": 32
      },
      "sourceSize": {
        "w": 31,
        "h": 32
      },
      "pivot": {
        "x": 0.5,
        "y": 0.5
      }
    },
    "carnivorous_1": {
      "frame": {
        "x": 0,
        "y": 32,
        "w": 31,
        "h": 32
      },
      "rotated": false,
      "trimmed": false,
      "spriteSourceSize": {
        "x": 0,
        "y": 0,
        "w": 31,
        "h": 32
      },
      "sourceSize": {
        "w": 31,
        "h": 32
      },
      "pivot": {
        "x": 0.5,
        "y": 0.5
      }
    },
    "carnivorous_2": {
      "frame": {
        "x": 0,
        "y": 64,
        "w": 31,
        "h": 32
      },
      "rotated": false,
      "trimmed": false,
      "spriteSourceSize": {
        "x": 0,
        "y": 0,
        "w": 31,
        "h": 32
      },
      "sourceSize": {
        "w": 31,
        "h": 32
      },
      "pivot": {
        "x": 0.5,
        "y": 0.5
      }
    },
    "carnivorous_3": {
      "frame": {
        "x": 0,
        "y": 96,
        "w": 31,
        "h": 32
      },
      "rotated": false,
      "trimmed": false,
      "spriteSourceSize": {
        "x": 0,
        "y": 0,
        "w": 31,
        "h": 32
      },
      "sourceSize": {
        "w": 31,
        "h": 32
      },
      "pivot": {
        "x": 0.5,
        "y": 0.5
      }
    }
  },
  "meta": {
    "app": "http://free-tex-packer.com",
    "version": "0.6.6",
    "image": "carnivorous",
    "format": "RGBA8888",
    "size": {
      "w": 31,
      "h": 128
    },
    "scale": 1
  }
}