{
    "maps": {
        "path": "./src/worlds/",
        "files": [
            {
                "type": "tilemapTiledJSON",
                "key": "Level1",
                "url": "level1/level1.json"
            },
            {
                "type": "image",
                "key": "level1tileset",
                "url": "level1/level1tileset.png"
            },
            {
                "type": "tilemapTiledJSON",
                "key": "Level2",
                "url": "level2/level2.json"
            },
            {
                "type": "image",
                "key": "level2tileset",
                "url": "level2/level2tileset.png"
            },
            {
                "type": "tilemapTiledJSON",
                "key": "Level3",
                "url": "level3/level3.json"
            },
            {
                "type": "image",
                "key": "level3tileset",
                "url": "level3/level3tileset.png"
            },
            {
                "type": "tilemapTiledJSON",
                "key": "Level4",
                "url": "level4/level4.json"
            },
            {
                "type": "image",
                "key": "level4tileset",
                "url": "level4/level4tileset.png"
            },
            {
                "type": "image",
                "key": "level5tileset",
                "url": "level5/level5tileset.png"
            }
        ]
    }
}