{
  "frames": [
    {
      "filename": "alien_0",
      "frame": {
        "x": 1,
        "y": 1,
        "w": 30,
        "h": 34
      },
      "rotated": false,
      "trimmed": true,
      "spriteSourceSize": {
        "x": 2,
        "y": 0,
        "w": 30,
        "h": 34
      },
      "sourceSize": {
        "w": 32,
        "h": 34
      },
      "pivot": {
        "x": 0.5,
        "y": 0.5
      }
    },
    {
      "filename": "alien_1",
      "frame": {
        "x": 1,
        "y": 37,
        "w": 30,
        "h": 34
      },
      "rotated": false,
      "trimmed": true,
      "spriteSourceSize": {
        "x": 0,
        "y": 0,
        "w": 30,
        "h": 34
      },
      "sourceSize": {
        "w": 32,
        "h": 34
      },
      "pivot": {
        "x": 0.5,
        "y": 0.5
      }
    }
  ],
  "meta": {
    "app": "http://free-tex-packer.com",
    "version": "0.6.6",
    "image": "alien.png",
    "format": "RGBA8888",
    "size": {
      "w": 32,
      "h": 72
    },
    "scale": 1
  }
}