{
  "frames": {
    "piranha_0": {
      "frame": {
        "x": 0,
        "y": 0,
        "w": 30,
        "h": 26
      },
      "rotated": false,
      "trimmed": false,
      "spriteSourceSize": {
        "x": 0,
        "y": 0,
        "w": 30,
        "h": 26
      },
      "sourceSize": {
        "w": 30,
        "h": 26
      },
      "pivot": {
        "x": 0.5,
        "y": 0.5
      }
    },
    "piranha_1": {
      "frame": {
        "x": 30,
        "y": 0,
        "w": 30,
        "h": 26
      },
      "rotated": false,
      "trimmed": false,
      "spriteSourceSize": {
        "x": 0,
        "y": 0,
        "w": 30,
        "h": 26
      },
      "sourceSize": {
        "w": 30,
        "h": 26
      },
      "pivot": {
        "x": 0.5,
        "y": 0.5
      }
    },
    "piranha_2": {
      "frame": {
        "x": 60,
        "y": 0,
        "w": 30,
        "h": 26
      },
      "rotated": false,
      "trimmed": false,
      "spriteSourceSize": {
        "x": 0,
        "y": 0,
        "w": 30,
        "h": 26
      },
      "sourceSize": {
        "w": 30,
        "h": 26
      },
      "pivot": {
        "x": 0.5,
        "y": 0.5
      }
    },
    "piranha_3": {
      "frame": {
        "x": 90,
        "y": 0,
        "w": 30,
        "h": 26
      },
      "rotated": false,
      "trimmed": false,
      "spriteSourceSize": {
        "x": 0,
        "y": 0,
        "w": 30,
        "h": 26
      },
      "sourceSize": {
        "w": 30,
        "h": 26
      },
      "pivot": {
        "x": 0.5,
        "y": 0.5
      }
    }
  },
  "meta": {
    "app": "http://free-tex-packer.com",
    "version": "0.6.6",
    "image": "piranha",
    "format": "RGBA8888",
    "size": {
      "w": 120,
      "h": 26
    },
    "scale": 1
  }
}