{
    "frames": [
        {
            "filename": "map_spritesheet_0",
            "frame": {
                "x": 0,
                "y": 0,
                "w": 64,
                "h": 64
            },
            "anchor": {
                "x": 0.5,
                "y": 0.5
            }
        },
        {
            "filename": "map_spritesheet_1",
            "frame": {
                "x": 64,
                "y": 0,
                "w": 64,
                "h": 64
            },
            "anchor": {
                "x": 0.5,
                "y": 0.5
            }
        },
        {
            "filename": "map_spritesheet_2",
            "frame": {
                "x": 128,
                "y": 0,
                "w": 64,
                "h": 64
            },
            "anchor": {
                "x": 0.5,
                "y": 0.5
            }
        },
        {
            "filename": "map_spritesheet_3",
            "frame": {
                "x": 192,
                "y": 0,
                "w": 64,
                "h": 64
            },
            "anchor": {
                "x": 0.5,
                "y": 0.5
            }
        },
        {
            "filename": "map_spritesheet_4",
            "frame": {
                "x": 0,
                "y": 64,
                "w": 64,
                "h": 64
            },
            "anchor": {
                "x": 0.5,
                "y": 0.5
            }
        },
        {
            "filename": "map_spritesheet_5",
            "frame": {
                "x": 64,
                "y": 64,
                "w": 64,
                "h": 64
            },
            "anchor": {
                "x": 0.5,
                "y": 0.5
            }
        },
        {
            "filename": "map_spritesheet_6",
            "frame": {
                "x": 128,
                "y": 64,
                "w": 64,
                "h": 64
            },
            "anchor": {
                "x": 0.5,
                "y": 0.5
            }
        },
        {
            "filename": "map_spritesheet_7",
            "frame": {
                "x": 192,
                "y": 64,
                "w": 64,
                "h": 64
            },
            "anchor": {
                "x": 0.5,
                "y": 0.5
            }
        }
    ],
    "meta": {
        "description": "Atlas generado con Atlas Packer Phaser3",
        "web": "https://gammafp.github.io/atlas-packer-phaser/"
    }
}