{
    "player_assets": {
        "path": "assets/img/",
        "files": [
            {
                "type": "atlas",
                "key": "player3",
                "textureURL": "players/player3.png",
                "atlasURL": "players/player3_atlas.json"
            },
            {
                "type": "animation",
                "key": "player3Data",
                "url": "players/player3_anim.json"
            },
            {
                "type": "atlas",
                "key": "knight",
                "textureURL": "players/knight.png",
                "atlasURL": "players/knight_atlas.json"
            },
            {
                "type": "animation",
                "key": "knightData",
                "url": "players/knight_anim.json"
            },
            {
                "type": "atlas",
                "key": "dave",
                "textureURL": "players/dave.png",
                "atlasURL": "players/dave_atlas.json"
            },
            {
                "type": "animation",
                "key": "daveData",
                "url": "players/dave_anim.json"
            },
            {
                "type": "atlas",
                "key": "girlplayer",
                "textureURL": "players/girlplayer.png",
                "atlasURL": "players/girlplayer_atlas.json"
            },
            {
                "type": "animation",
                "key": "girlplayerData",
                "url": "players/girlplayer_anim.json"
            },
            {
                "type": "atlas",
                "key": "girlretro",
                "textureURL": "players/girlretro.png",
                "atlasURL": "players/girlretro_atlas.json"
            },
            {
                "type": "animation",
                "key": "girlretroData",
                "url": "players/girlretro_anim.json"
            },
            {
                "type": "atlas",
                "key": "harry",
                "textureURL": "players/harry.png",
                "atlasURL": "players/harry_atlas.json"
            },
            {
                "type": "animation",
                "key": "harryData",
                "url": "players/harry_anim.json"
            },
            {
                "type": "atlas",
                "key": "astronaut",
                "textureURL": "players/astronaut.png",
                "atlasURL": "players/astronaut_atlas.json"
            },
            {
                "type": "animation",
                "key": "astronautData",
                "url": "players/astronaut_anim.json"
            }
            
        ]
    }
}
