{
  "frames": {
    "key_3": {
      "frame": {
        "x": 0,
        "y": 0,
        "w": 26,
        "h": 32
      },
      "rotated": false,
      "trimmed": false,
      "spriteSourceSize": {
        "x": 0,
        "y": 0,
        "w": 26,
        "h": 32
      },
      "sourceSize": {
        "w": 26,
        "h": 32
      },
      "pivot": {
        "x": 0.5,
        "y": 0.5
      }
    },
    "key_2": {
      "frame": {
        "x": 0,
        "y": 32,
        "w": 24,
        "h": 32
      },
      "rotated": false,
      "trimmed": true,
      "spriteSourceSize": {
        "x": 2,
        "y": 0,
        "w": 24,
        "h": 32
      },
      "sourceSize": {
        "w": 26,
        "h": 32
      },
      "pivot": {
        "x": 0.5,
        "y": 0.5
      }
    },
    "key_0": {
      "frame": {
        "x": 0,
        "y": 64,
        "w": 22,
        "h": 32
      },
      "rotated": false,
      "trimmed": true,
      "spriteSourceSize": {
        "x": 2,
        "y": 0,
        "w": 22,
        "h": 32
      },
      "sourceSize": {
        "w": 26,
        "h": 32
      },
      "pivot": {
        "x": 0.5,
        "y": 0.5
      }
    },
    "key_1": {
      "frame": {
        "x": 0,
        "y": 96,
        "w": 21,
        "h": 32
      },
      "rotated": false,
      "trimmed": true,
      "spriteSourceSize": {
        "x": 3,
        "y": 0,
        "w": 21,
        "h": 32
      },
      "sourceSize": {
        "w": 26,
        "h": 32
      },
      "pivot": {
        "x": 0.5,
        "y": 0.5
      }
    }
  },
  "meta": {
    "app": "http://free-tex-packer.com",
    "version": "0.6.5",
    "image": "key_",
    "format": "RGBA8888",
    "size": {
      "w": 26,
      "h": 128
    },
    "scale": 1
  }
}