{
  "frames": {
    "treasure_1": {
      "frame": {
        "x": 0,
        "y": 0,
        "w": 45,
        "h": 39
      },
      "rotated": false,
      "trimmed": false,
      "spriteSourceSize": {
        "x": 0,
        "y": 0,
        "w": 45,
        "h": 39
      },
      "sourceSize": {
        "w": 45,
        "h": 39
      },
      "pivot": {
        "x": 0.5,
        "y": 0.5
      }
    },
    "treasure_0": {
      "frame": {
        "x": 45,
        "y": 0,
        "w": 33,
        "h": 27
      },
      "rotated": false,
      "trimmed": true,
      "spriteSourceSize": {
        "x": 6,
        "y": 12,
        "w": 33,
        "h": 27
      },
      "sourceSize": {
        "w": 45,
        "h": 39
      },
      "pivot": {
        "x": 0.5,
        "y": 0.5
      }
    }
  },
  "meta": {
    "app": "http://free-tex-packer.com",
    "version": "0.6.5",
    "image": "treasure",
    "format": "RGBA8888",
    "size": {
      "w": 78,
      "h": 39
    },
    "scale": 1
  }
}