{
  "frames": {
    "crab_0": {
      "frame": {
        "x": 0,
        "y": 0,
        "w": 29,
        "h": 23
      },
      "rotated": false,
      "trimmed": false,
      "spriteSourceSize": {
        "x": 0,
        "y": 0,
        "w": 29,
        "h": 23
      },
      "sourceSize": {
        "w": 29,
        "h": 23
      },
      "pivot": {
        "x": 0.5,
        "y": 0.5
      }
    },
    "crab_1": {
      "frame": {
        "x": 29,
        "y": 0,
        "w": 29,
        "h": 23
      },
      "rotated": false,
      "trimmed": false,
      "spriteSourceSize": {
        "x": 0,
        "y": 0,
        "w": 29,
        "h": 23
      },
      "sourceSize": {
        "w": 29,
        "h": 23
      },
      "pivot": {
        "x": 0.5,
        "y": 0.5
      }
    },
    "crab_2": {
      "frame": {
        "x": 58,
        "y": 0,
        "w": 29,
        "h": 23
      },
      "rotated": false,
      "trimmed": false,
      "spriteSourceSize": {
        "x": 0,
        "y": 0,
        "w": 29,
        "h": 23
      },
      "sourceSize": {
        "w": 29,
        "h": 23
      },
      "pivot": {
        "x": 0.5,
        "y": 0.5
      }
    },
    "crab_3": {
      "frame": {
        "x": 87,
        "y": 0,
        "w": 29,
        "h": 22
      },
      "rotated": false,
      "trimmed": true,
      "spriteSourceSize": {
        "x": 0,
        "y": 0,
        "w": 29,
        "h": 22
      },
      "sourceSize": {
        "w": 29,
        "h": 23
      },
      "pivot": {
        "x": 0.5,
        "y": 0.5
      }
    }
  },
  "meta": {
    "app": "http://free-tex-packer.com",
    "version": "0.6.5",
    "image": "crab",
    "format": "RGBA8888",
    "size": {
      "w": 116,
      "h": 23
    },
    "scale": 1
  }
}