{
  "frames": {
    "vulture_0": {
      "frame": {
        "x": 0,
        "y": 0,
        "w": 38,
        "h": 30
      },
      "rotated": false,
      "trimmed": true,
      "spriteSourceSize": {
        "x": 0,
        "y": 0,
        "w": 38,
        "h": 30
      },
      "sourceSize": {
        "w": 38,
        "h": 39
      },
      "pivot": {
        "x": 0.5,
        "y": 0.5
      }
    },
    "vulture_1": {
      "frame": {
        "x": 38,
        "y": 0,
        "w": 38,
        "h": 29
      },
      "rotated": false,
      "trimmed": true,
      "spriteSourceSize": {
        "x": 0,
        "y": 1,
        "w": 38,
        "h": 29
      },
      "sourceSize": {
        "w": 38,
        "h": 39
      },
      "pivot": {
        "x": 0.5,
        "y": 0.5
      }
    },
    "vulture_5": {
      "frame": {
        "x": 76,
        "y": 0,
        "w": 38,
        "h": 23
      },
      "rotated": false,
      "trimmed": true,
      "spriteSourceSize": {
        "x": 0,
        "y": 16,
        "w": 38,
        "h": 23
      },
      "sourceSize": {
        "w": 38,
        "h": 39
      },
      "pivot": {
        "x": 0.5,
        "y": 0.5
      }
    },
    "vulture_2": {
      "frame": {
        "x": 114,
        "y": 0,
        "w": 38,
        "h": 21
      },
      "rotated": false,
      "trimmed": true,
      "spriteSourceSize": {
        "x": 0,
        "y": 9,
        "w": 38,
        "h": 21
      },
      "sourceSize": {
        "w": 38,
        "h": 39
      },
      "pivot": {
        "x": 0.5,
        "y": 0.5
      }
    },
    "vulture_3": {
      "frame": {
        "x": 152,
        "y": 0,
        "w": 38,
        "h": 20
      },
      "rotated": false,
      "trimmed": true,
      "spriteSourceSize": {
        "x": 0,
        "y": 10,
        "w": 38,
        "h": 20
      },
      "sourceSize": {
        "w": 38,
        "h": 39
      },
      "pivot": {
        "x": 0.5,
        "y": 0.5
      }
    },
    "vulture_4": {
      "frame": {
        "x": 190,
        "y": 0,
        "w": 38,
        "h": 19
      },
      "rotated": false,
      "trimmed": true,
      "spriteSourceSize": {
        "x": 0,
        "y": 16,
        "w": 38,
        "h": 19
      },
      "sourceSize": {
        "w": 38,
        "h": 39
      },
      "pivot": {
        "x": 0.5,
        "y": 0.5
      }
    }
  },
  "meta": {
    "app": "http://free-tex-packer.com",
    "version": "0.6.5",
    "image": "vulture",
    "format": "RGBA8888",
    "size": {
      "w": 228,
      "h": 30
    },
    "scale": 1
  }
}