{
  "frames": {
    "astronaut_0": {
      "frame": {
        "x": 0,
        "y": 0,
        "w": 16,
        "h": 40
      },
      "rotated": false,
      "trimmed": false,
      "spriteSourceSize": {
        "x": 0,
        "y": 0,
        "w": 16,
        "h": 40
      },
      "sourceSize": {
        "w": 16,
        "h": 40
      },
      "pivot": {
        "x": 0.5,
        "y": 0.5
      }
    },
    "astronaut_1": {
      "frame": {
        "x": 0,
        "y": 40,
        "w": 16,
        "h": 40
      },
      "rotated": false,
      "trimmed": false,
      "spriteSourceSize": {
        "x": 0,
        "y": 0,
        "w": 16,
        "h": 40
      },
      "sourceSize": {
        "w": 16,
        "h": 40
      },
      "pivot": {
        "x": 0.5,
        "y": 0.5
      }
    },
    "astronaut_2": {
      "frame": {
        "x": 0,
        "y": 80,
        "w": 16,
        "h": 40
      },
      "rotated": false,
      "trimmed": false,
      "spriteSourceSize": {
        "x": 0,
        "y": 0,
        "w": 16,
        "h": 40
      },
      "sourceSize": {
        "w": 16,
        "h": 40
      },
      "pivot": {
        "x": 0.5,
        "y": 0.5
      }
    },
    "astronaut_3": {
      "frame": {
        "x": 0,
        "y": 120,
        "w": 16,
        "h": 40
      },
      "rotated": false,
      "trimmed": false,
      "spriteSourceSize": {
        "x": 0,
        "y": 0,
        "w": 16,
        "h": 40
      },
      "sourceSize": {
        "w": 16,
        "h": 40
      },
      "pivot": {
        "x": 0.5,
        "y": 0.5
      }
    },
    "astronaut_4": {
      "frame": {
        "x": 0,
        "y": 160,
        "w": 16,
        "h": 40
      },
      "rotated": false,
      "trimmed": false,
      "spriteSourceSize": {
        "x": 0,
        "y": 0,
        "w": 16,
        "h": 40
      },
      "sourceSize": {
        "w": 16,
        "h": 40
      },
      "pivot": {
        "x": 0.5,
        "y": 0.5
      }
    },
    "astronaut_5": {
      "frame": {
        "x": 0,
        "y": 200,
        "w": 16,
        "h": 40
      },
      "rotated": false,
      "trimmed": false,
      "spriteSourceSize": {
        "x": 0,
        "y": 0,
        "w": 16,
        "h": 40
      },
      "sourceSize": {
        "w": 16,
        "h": 40
      },
      "pivot": {
        "x": 0.5,
        "y": 0.5
      }
    },
    "astronaut_6": {
      "frame": {
        "x": 0,
        "y": 240,
        "w": 16,
        "h": 40
      },
      "rotated": false,
      "trimmed": false,
      "spriteSourceSize": {
        "x": 0,
        "y": 0,
        "w": 16,
        "h": 40
      },
      "sourceSize": {
        "w": 16,
        "h": 40
      },
      "pivot": {
        "x": 0.5,
        "y": 0.5
      }
    },
    "astronaut_7": {
      "frame": {
        "x": 0,
        "y": 280,
        "w": 16,
        "h": 40
      },
      "rotated": false,
      "trimmed": false,
      "spriteSourceSize": {
        "x": 0,
        "y": 0,
        "w": 16,
        "h": 40
      },
      "sourceSize": {
        "w": 16,
        "h": 40
      },
      "pivot": {
        "x": 0.5,
        "y": 0.5
      }
    },
    "astronaut_8": {
      "frame": {
        "x": 0,
        "y": 320,
        "w": 16,
        "h": 40
      },
      "rotated": false,
      "trimmed": false,
      "spriteSourceSize": {
        "x": 0,
        "y": 0,
        "w": 16,
        "h": 40
      },
      "sourceSize": {
        "w": 16,
        "h": 40
      },
      "pivot": {
        "x": 0.5,
        "y": 0.5
      }
    }
  },
  "meta": {
    "app": "http://free-tex-packer.com",
    "version": "0.6.6",
    "image": "astronaut",
    "format": "RGBA8888",
    "size": {
      "w": 16,
      "h": 360
    },
    "scale": 1
  }
}