{
    "anims": [
        {
            "key": "dave_idle",
            "type": "frames",
            "repeat": -1,
            "frameRate": 7,
            "frames": [
                {
                    "key": "dave",
                    "frame": "dave_2"
                },
                {
                    "key": "dave",
                    "frame": "dave_3"
                },
                {
                    "key": "dave",
                    "frame": "dave_4"
                },
                {
                    "key": "dave",
                    "frame": "dave_5"
                }
            ]
        },
        {
            "key": "dave_walk",
            "type": "frames",
            "repeat": -1,
            "frameRate": 12,
            "frames": [
                {
                    "key": "dave",
                    "frame": "dave_0"
                },
                {
                    "key": "dave",
                    "frame": "dave_1"
                }
            ]
        },
        {
            "key": "dave_down",
            "type": "frames",
            "repeat": 0,
            "frameRate": 12,
            "frames": [
                {
                    "key": "dave",
                    "frame": "dave_6"
                }
            ]
        },
        {
            "key": "dave_climb",
            "type": "frames",
            "repeat": -1,
            "frameRate": 6,
            "frames": [
                {
                    "key": "dave",
                    "frame": "dave_7"
                },
                {
                    "key": "dave",
                    "frame": "dave_8"
                }
            ]
        }
    ]
}