{
  "frames": {
    "girlretro_0": {
      "frame": {
        "x": 0,
        "y": 0,
        "w": 20,
        "h": 35
      },
      "rotated": false,
      "trimmed": true,
      "spriteSourceSize": {
        "x": 0,
        "y": 5,
        "w": 20,
        "h": 35
      },
      "sourceSize": {
        "w": 20,
        "h": 40
      },
      "pivot": {
        "x": 0.5,
        "y": 0.5
      }
    },
    "girlretro_1": {
      "frame": {
        "x": 0,
        "y": 35,
        "w": 20,
        "h": 34
      },
      "rotated": false,
      "trimmed": true,
      "spriteSourceSize": {
        "x": 0,
        "y": 6,
        "w": 20,
        "h": 34
      },
      "sourceSize": {
        "w": 20,
        "h": 40
      },
      "pivot": {
        "x": 0.5,
        "y": 0.5
      }
    },
    "girlretro_3": {
      "frame": {
        "x": 0,
        "y": 69,
        "w": 20,
        "h": 34
      },
      "rotated": false,
      "trimmed": true,
      "spriteSourceSize": {
        "x": 0,
        "y": 6,
        "w": 20,
        "h": 34
      },
      "sourceSize": {
        "w": 20,
        "h": 40
      },
      "pivot": {
        "x": 0.5,
        "y": 0.5
      }
    },
    "girlretro_4": {
      "frame": {
        "x": 0,
        "y": 103,
        "w": 20,
        "h": 34
      },
      "rotated": false,
      "trimmed": true,
      "spriteSourceSize": {
        "x": 0,
        "y": 6,
        "w": 20,
        "h": 34
      },
      "sourceSize": {
        "w": 20,
        "h": 40
      },
      "pivot": {
        "x": 0.5,
        "y": 0.5
      }
    },
    "girlretro_5": {
      "frame": {
        "x": 0,
        "y": 137,
        "w": 20,
        "h": 34
      },
      "rotated": false,
      "trimmed": true,
      "spriteSourceSize": {
        "x": 0,
        "y": 6,
        "w": 20,
        "h": 34
      },
      "sourceSize": {
        "w": 20,
        "h": 40
      },
      "pivot": {
        "x": 0.5,
        "y": 0.5
      }
    },
    "girlretro_2": {
      "frame": {
        "x": 0,
        "y": 171,
        "w": 20,
        "h": 27
      },
      "rotated": false,
      "trimmed": true,
      "spriteSourceSize": {
        "x": 0,
        "y": 13,
        "w": 20,
        "h": 27
      },
      "sourceSize": {
        "w": 20,
        "h": 40
      },
      "pivot": {
        "x": 0.5,
        "y": 0.5
      }
    }
  },
  "meta": {
    "app": "http://free-tex-packer.com",
    "version": "0.6.6",
    "image": "girlretro",
    "format": "RGBA8888",
    "size": {
      "w": 20,
      "h": 198
    },
    "scale": 1
  }
}