{
  "frames": {
    "knight_2": {
      "frame": {
        "x": 0,
        "y": 0,
        "w": 15,
        "h": 39
      },
      "rotated": false,
      "trimmed": true,
      "spriteSourceSize": {
        "x": 3,
        "y": 1,
        "w": 15,
        "h": 39
      },
      "sourceSize": {
        "w": 20,
        "h": 40
      },
      "pivot": {
        "x": 0.5,
        "y": 0.5
      }
    },
    "knight_7": {
      "frame": {
        "x": 0,
        "y": 39,
        "w": 13,
        "h": 39
      },
      "rotated": false,
      "trimmed": true,
      "spriteSourceSize": {
        "x": 4,
        "y": 1,
        "w": 13,
        "h": 39
      },
      "sourceSize": {
        "w": 20,
        "h": 40
      },
      "pivot": {
        "x": 0.5,
        "y": 0.5
      }
    },
    "knight_8": {
      "frame": {
        "x": 0,
        "y": 78,
        "w": 13,
        "h": 39
      },
      "rotated": false,
      "trimmed": true,
      "spriteSourceSize": {
        "x": 4,
        "y": 1,
        "w": 13,
        "h": 39
      },
      "sourceSize": {
        "w": 20,
        "h": 40
      },
      "pivot": {
        "x": 0.5,
        "y": 0.5
      }
    },
    "knight_0": {
      "frame": {
        "x": 0,
        "y": 117,
        "w": 10,
        "h": 39
      },
      "rotated": false,
      "trimmed": true,
      "spriteSourceSize": {
        "x": 5,
        "y": 1,
        "w": 10,
        "h": 39
      },
      "sourceSize": {
        "w": 20,
        "h": 40
      },
      "pivot": {
        "x": 0.5,
        "y": 0.5
      }
    },
    "knight_1": {
      "frame": {
        "x": 0,
        "y": 156,
        "w": 10,
        "h": 39
      },
      "rotated": false,
      "trimmed": true,
      "spriteSourceSize": {
        "x": 5,
        "y": 1,
        "w": 10,
        "h": 39
      },
      "sourceSize": {
        "w": 20,
        "h": 40
      },
      "pivot": {
        "x": 0.5,
        "y": 0.5
      }
    },
    "knight_3": {
      "frame": {
        "x": 0,
        "y": 195,
        "w": 15,
        "h": 38
      },
      "rotated": false,
      "trimmed": true,
      "spriteSourceSize": {
        "x": 3,
        "y": 2,
        "w": 15,
        "h": 38
      },
      "sourceSize": {
        "w": 20,
        "h": 40
      },
      "pivot": {
        "x": 0.5,
        "y": 0.5
      }
    },
    "knight_4": {
      "frame": {
        "x": 10,
        "y": 117,
        "w": 15,
        "h": 37
      },
      "rotated": false,
      "trimmed": true,
      "spriteSourceSize": {
        "x": 3,
        "y": 3,
        "w": 15,
        "h": 37
      },
      "sourceSize": {
        "w": 20,
        "h": 40
      },
      "pivot": {
        "x": 0.5,
        "y": 0.5
      }
    },
    "knight_6": {
      "frame": {
        "x": 10,
        "y": 154,
        "w": 13,
        "h": 33
      },
      "rotated": false,
      "trimmed": true,
      "spriteSourceSize": {
        "x": 4,
        "y": 7,
        "w": 13,
        "h": 33
      },
      "sourceSize": {
        "w": 20,
        "h": 40
      },
      "pivot": {
        "x": 0.5,
        "y": 0.5
      }
    },
    "knight_5": {
      "frame": {
        "x": 0,
        "y": 195,
        "w": 15,
        "h": 38
      },
      "rotated": false,
      "trimmed": true,
      "spriteSourceSize": {
        "x": 3,
        "y": 2,
        "w": 15,
        "h": 38
      },
      "sourceSize": {
        "w": 20,
        "h": 40
      },
      "pivot": {
        "x": 0.5,
        "y": 0.5
      }
    }
  },
  "meta": {
    "app": "http://free-tex-packer.com",
    "version": "0.6.5",
    "image": "knight",
    "format": "RGBA8888",
    "size": {
      "w": 25,
      "h": 233
    },
    "scale": 1
  }
}