{
  "frames": {
    "mouse_0": {
      "frame": {
        "x": 0,
        "y": 0,
        "w": 31,
        "h": 16
      },
      "rotated": false,
      "trimmed": false,
      "spriteSourceSize": {
        "x": 0,
        "y": 0,
        "w": 31,
        "h": 16
      },
      "sourceSize": {
        "w": 31,
        "h": 16
      },
      "pivot": {
        "x": 0.5,
        "y": 0.5
      }
    },
    "mouse_1": {
      "frame": {
        "x": 31,
        "y": 0,
        "w": 31,
        "h": 16
      },
      "rotated": false,
      "trimmed": false,
      "spriteSourceSize": {
        "x": 0,
        "y": 0,
        "w": 31,
        "h": 16
      },
      "sourceSize": {
        "w": 31,
        "h": 16
      },
      "pivot": {
        "x": 0.5,
        "y": 0.5
      }
    },
    "mouse_2": {
      "frame": {
        "x": 62,
        "y": 0,
        "w": 31,
        "h": 16
      },
      "rotated": false,
      "trimmed": false,
      "spriteSourceSize": {
        "x": 0,
        "y": 0,
        "w": 31,
        "h": 16
      },
      "sourceSize": {
        "w": 31,
        "h": 16
      },
      "pivot": {
        "x": 0.5,
        "y": 0.5
      }
    },
    "mouse_3": {
      "frame": {
        "x": 93,
        "y": 0,
        "w": 31,
        "h": 16
      },
      "rotated": false,
      "trimmed": false,
      "spriteSourceSize": {
        "x": 0,
        "y": 0,
        "w": 31,
        "h": 16
      },
      "sourceSize": {
        "w": 31,
        "h": 16
      },
      "pivot": {
        "x": 0.5,
        "y": 0.5
      }
    }
  },
  "meta": {
    "app": "http://free-tex-packer.com",
    "version": "0.6.6",
    "image": "mouse",
    "format": "RGBA8888",
    "size": {
      "w": 124,
      "h": 16
    },
    "scale": 1
  }
}