{
  "frames": {
    "rinobeetle_5": {
      "frame": {
        "x": 0,
        "y": 0,
        "w": 52,
        "h": 24
      },
      "rotated": false,
      "trimmed": false,
      "spriteSourceSize": {
        "x": 0,
        "y": 0,
        "w": 52,
        "h": 24
      },
      "sourceSize": {
        "w": 52,
        "h": 24
      },
      "pivot": {
        "x": 0.5,
        "y": 0.5
      }
    },
    "rinobeetle_0": {
      "frame": {
        "x": 52,
        "y": 0,
        "w": 51,
        "h": 24
      },
      "rotated": false,
      "trimmed": true,
      "spriteSourceSize": {
        "x": 1,
        "y": 0,
        "w": 51,
        "h": 24
      },
      "sourceSize": {
        "w": 52,
        "h": 24
      },
      "pivot": {
        "x": 0.5,
        "y": 0.5
      }
    },
    "rinobeetle_2": {
      "frame": {
        "x": 103,
        "y": 0,
        "w": 51,
        "h": 24
      },
      "rotated": false,
      "trimmed": true,
      "spriteSourceSize": {
        "x": 0,
        "y": 0,
        "w": 51,
        "h": 24
      },
      "sourceSize": {
        "w": 52,
        "h": 24
      },
      "pivot": {
        "x": 0.5,
        "y": 0.5
      }
    },
    "rinobeetle_3": {
      "frame": {
        "x": 154,
        "y": 0,
        "w": 51,
        "h": 24
      },
      "rotated": false,
      "trimmed": true,
      "spriteSourceSize": {
        "x": 0,
        "y": 0,
        "w": 51,
        "h": 24
      },
      "sourceSize": {
        "w": 52,
        "h": 24
      },
      "pivot": {
        "x": 0.5,
        "y": 0.5
      }
    },
    "rinobeetle_4": {
      "frame": {
        "x": 205,
        "y": 0,
        "w": 51,
        "h": 24
      },
      "rotated": false,
      "trimmed": true,
      "spriteSourceSize": {
        "x": 1,
        "y": 0,
        "w": 51,
        "h": 24
      },
      "sourceSize": {
        "w": 52,
        "h": 24
      },
      "pivot": {
        "x": 0.5,
        "y": 0.5
      }
    },
    "rinobeetle_1": {
      "frame": {
        "x": 256,
        "y": 0,
        "w": 50,
        "h": 24
      },
      "rotated": false,
      "trimmed": true,
      "spriteSourceSize": {
        "x": 1,
        "y": 0,
        "w": 50,
        "h": 24
      },
      "sourceSize": {
        "w": 52,
        "h": 24
      },
      "pivot": {
        "x": 0.5,
        "y": 0.5
      }
    }
  },
  "meta": {
    "app": "http://free-tex-packer.com",
    "version": "0.6.5",
    "image": "rinobeetle.png",
    "format": "RGBA8888",
    "size": {
      "w": 306,
      "h": 24
    },
    "scale": 1
  }
}