{
  "frames": {
    "girlplayer_0": {
      "frame": {
        "x": 0,
        "y": 0,
        "w": 16,
        "h": 33
      },
      "rotated": false,
      "trimmed": true,
      "spriteSourceSize": {
        "x": 2,
        "y": 7,
        "w": 16,
        "h": 33
      },
      "sourceSize": {
        "w": 20,
        "h": 40
      },
      "pivot": {
        "x": 0.5,
        "y": 0.5
      }
    },
    "girlplayer_1": {
      "frame": {
        "x": 0,
        "y": 33,
        "w": 16,
        "h": 33
      },
      "rotated": false,
      "trimmed": true,
      "spriteSourceSize": {
        "x": 2,
        "y": 7,
        "w": 16,
        "h": 33
      },
      "sourceSize": {
        "w": 20,
        "h": 40
      },
      "pivot": {
        "x": 0.5,
        "y": 0.5
      }
    },
    "girlplayer_2": {
      "frame": {
        "x": 0,
        "y": 66,
        "w": 16,
        "h": 33
      },
      "rotated": false,
      "trimmed": true,
      "spriteSourceSize": {
        "x": 2,
        "y": 7,
        "w": 16,
        "h": 33
      },
      "sourceSize": {
        "w": 20,
        "h": 40
      },
      "pivot": {
        "x": 0.5,
        "y": 0.5
      }
    },
    "girlplayer_3": {
      "frame": {
        "x": 0,
        "y": 99,
        "w": 16,
        "h": 32
      },
      "rotated": false,
      "trimmed": true,
      "spriteSourceSize": {
        "x": 2,
        "y": 8,
        "w": 16,
        "h": 32
      },
      "sourceSize": {
        "w": 20,
        "h": 40
      },
      "pivot": {
        "x": 0.5,
        "y": 0.5
      }
    },
    "girlplayer_5": {
      "frame": {
        "x": 0,
        "y": 131,
        "w": 16,
        "h": 32
      },
      "rotated": false,
      "trimmed": true,
      "spriteSourceSize": {
        "x": 2,
        "y": 8,
        "w": 16,
        "h": 32
      },
      "sourceSize": {
        "w": 20,
        "h": 40
      },
      "pivot": {
        "x": 0.5,
        "y": 0.5
      }
    },
    "girlplayer_7": {
      "frame": {
        "x": 0,
        "y": 163,
        "w": 16,
        "h": 32
      },
      "rotated": false,
      "trimmed": true,
      "spriteSourceSize": {
        "x": 2,
        "y": 8,
        "w": 16,
        "h": 32
      },
      "sourceSize": {
        "w": 20,
        "h": 40
      },
      "pivot": {
        "x": 0.5,
        "y": 0.5
      }
    },
    "girlplayer_8": {
      "frame": {
        "x": 0,
        "y": 195,
        "w": 16,
        "h": 32
      },
      "rotated": false,
      "trimmed": true,
      "spriteSourceSize": {
        "x": 2,
        "y": 8,
        "w": 16,
        "h": 32
      },
      "sourceSize": {
        "w": 20,
        "h": 40
      },
      "pivot": {
        "x": 0.5,
        "y": 0.5
      }
    },
    "girlplayer_4": {
      "frame": {
        "x": 0,
        "y": 227,
        "w": 16,
        "h": 31
      },
      "rotated": false,
      "trimmed": true,
      "spriteSourceSize": {
        "x": 2,
        "y": 9,
        "w": 16,
        "h": 31
      },
      "sourceSize": {
        "w": 20,
        "h": 40
      },
      "pivot": {
        "x": 0.5,
        "y": 0.5
      }
    },
    "girlplayer_6": {
      "frame": {
        "x": 0,
        "y": 258,
        "w": 16,
        "h": 26
      },
      "rotated": false,
      "trimmed": true,
      "spriteSourceSize": {
        "x": 2,
        "y": 14,
        "w": 16,
        "h": 26
      },
      "sourceSize": {
        "w": 20,
        "h": 40
      },
      "pivot": {
        "x": 0.5,
        "y": 0.5
      }
    }
  },
  "meta": {
    "app": "http://free-tex-packer.com",
    "version": "0.6.5",
    "image": "girlplayer",
    "format": "RGBA8888",
    "size": {
      "w": 16,
      "h": 284
    },
    "scale": 1
  }
}