{
    "anims": [
        {
            "key": "girlplayer_idle",
            "type": "frames",
            "repeat": -1,
            "frameRate": 7,
            "frames": [
                {
                    "key": "girlplayer",
                    "frame": "girlplayer_2"
                },
                {
                    "key": "girlplayer",
                    "frame": "girlplayer_3"
                },
                {
                    "key": "girlplayer",
                    "frame": "girlplayer_4"
                },
                {
                    "key": "girlplayer",
                    "frame": "girlplayer_5"
                }
            ]
        },
        {
            "key": "girlplayer_walk",
            "type": "frames",
            "repeat": -1,
            "frameRate": 12,
            "frames": [
                {
                    "key": "girlplayer",
                    "frame": "girlplayer_0"
                },
                {
                    "key": "girlplayer",
                    "frame": "girlplayer_1"
                }
            ]
        },
        {
            "key": "girlplayer_down",
            "type": "frames",
            "repeat": 0,
            "frameRate": 12,
            "frames": [
                {
                    "key": "girlplayer",
                    "frame": "girlplayer_6"
                }
            ]
        },
        {
            "key": "girlplayer_climb",
            "type": "frames",
            "repeat": -1,
            "frameRate": 6,
            "frames": [
                {
                    "key": "girlplayer",
                    "frame": "girlplayer_7"
                },
                {
                    "key": "girlplayer",
                    "frame": "girlplayer_8"
                }
            ]
        }
    ]
}