{
    "anims": [
        {
            "key": "knight_idle",
            "type": "frames",
            "repeat": -1,
            "frameRate": 7,
            "frames": [
                {
                    "key": "knight",
                    "frame": "knight_2"
                },
                {
                    "key": "knight",
                    "frame": "knight_3"
                },
                {
                    "key": "knight",
                    "frame": "knight_4"
                },
                {
                    "key": "knight",
                    "frame": "knight_5"
                }
            ]
        },
        {
            "key": "knight_walk",
            "type": "frames",
            "repeat": -1,
            "frameRate": 12,
            "frames": [
                {
                    "key": "knight",
                    "frame": "knight_0"
                },
                {
                    "key": "knight",
                    "frame": "knight_1"
                }
            ]
        },
        {
            "key": "knight_down",
            "type": "frames",
            "repeat": 0,
            "frameRate": 12,
            "frames": [
                {
                    "key": "knight",
                    "frame": "knight_6"
                }
            ]
        },
        {
            "key": "knight_climb",
            "type": "frames",
            "repeat": -1,
            "frameRate": 6,
            "frames": [
                {
                    "key": "knight",
                    "frame": "knight_7"
                },
                {
                    "key": "knight",
                    "frame": "knight_8"
                }
            ]
        }
    ]
}